{
  "scenario": "NGFS_NetZero2050",
  "discount_rate": 0.05,
  "objective_USD": 283576550989.934,
  "cumulative_scope1_MtCO2": 415.12559948,
  "total_production_Mt": 927.7319986900002
}